<?xml version='1.0' encoding='utf-8'?>
<MotionPlanning warnings="true" warningsAsErrors="true" print="false">
  <Problem baseFilename="scen-1-query-46">
    <Environment filename="../../../../mapf-benchmark-generator/mapf-benchmarks/maze-32-32-2/env.xml" positionRes="0.5"/>

    <Robot label="robot1" filename="../../../../mapf-benchmark-generator/mapf-benchmarks/maze-32-32-2/../objects/robot.xml">
      <Agent type="planning" />
    </Robot>

    <Robot label="robot2" filename="../../../../mapf-benchmark-generator/mapf-benchmarks/maze-32-32-2/../objects/robot.xml">
      <Agent type="planning" />
    </Robot>

    <Robot label="robot3" filename="../../../../mapf-benchmark-generator/mapf-benchmarks/maze-32-32-2/../objects/robot.xml">
      <Agent type="planning" />
    </Robot>

    <Robot label="robot4" filename="../../../../mapf-benchmark-generator/mapf-benchmarks/maze-32-32-2/../objects/robot.xml">
      <Agent type="planning" />
    </Robot>

    <Robot label="robot5" filename="../../../../mapf-benchmark-generator/mapf-benchmarks/maze-32-32-2/../objects/robot.xml">
      <Agent type="planning" />
    </Robot>

    <Robot label="robot6" filename="../../../../mapf-benchmark-generator/mapf-benchmarks/maze-32-32-2/../objects/robot.xml">
      <Agent type="planning" />
    </Robot>

    <Robot label="robot7" filename="../../../../mapf-benchmark-generator/mapf-benchmarks/maze-32-32-2/../objects/robot.xml">
      <Agent type="planning" />
    </Robot>

    <Robot label="robot8" filename="../../../../mapf-benchmark-generator/mapf-benchmarks/maze-32-32-2/../objects/robot.xml">
      <Agent type="planning" />
    </Robot>

    <Robot label="robot9" filename="../../../../mapf-benchmark-generator/mapf-benchmarks/maze-32-32-2/../objects/robot.xml">
      <Agent type="planning" />
    </Robot>

    <Robot label="robot10" filename="../../../../mapf-benchmark-generator/mapf-benchmarks/maze-32-32-2/../objects/robot.xml">
      <Agent type="planning" />
    </Robot>

    <Robot label="robot11" filename="../../../../mapf-benchmark-generator/mapf-benchmarks/maze-32-32-2/../objects/robot.xml">
      <Agent type="planning" />
    </Robot>

    <Robot label="robot12" filename="../../../../mapf-benchmark-generator/mapf-benchmarks/maze-32-32-2/../objects/robot.xml">
      <Agent type="planning" />
    </Robot>

    <Robot label="robot13" filename="../../../../mapf-benchmark-generator/mapf-benchmarks/maze-32-32-2/../objects/robot.xml">
      <Agent type="planning" />
    </Robot>

    <Robot label="robot14" filename="../../../../mapf-benchmark-generator/mapf-benchmarks/maze-32-32-2/../objects/robot.xml">
      <Agent type="planning" />
    </Robot>

    <Robot label="robot15" filename="../../../../mapf-benchmark-generator/mapf-benchmarks/maze-32-32-2/../objects/robot.xml">
      <Agent type="planning" />
    </Robot>

    <Robot label="robot16" filename="../../../../mapf-benchmark-generator/mapf-benchmarks/maze-32-32-2/../objects/robot.xml">
      <Agent type="planning" />
    </Robot>

    <Robot label="robot17" filename="../../../../mapf-benchmark-generator/mapf-benchmarks/maze-32-32-2/../objects/robot.xml">
      <Agent type="planning" />
    </Robot>

    <Robot label="robot18" filename="../../../../mapf-benchmark-generator/mapf-benchmarks/maze-32-32-2/../objects/robot.xml">
      <Agent type="planning" />
    </Robot>

    <Robot label="robot19" filename="../../../../mapf-benchmark-generator/mapf-benchmarks/maze-32-32-2/../objects/robot.xml">
      <Agent type="planning" />
    </Robot>

    <Robot label="robot20" filename="../../../../mapf-benchmark-generator/mapf-benchmarks/maze-32-32-2/../objects/robot.xml">
      <Agent type="planning" />
    </Robot>

    <Robot label="robot21" filename="../../../../mapf-benchmark-generator/mapf-benchmarks/maze-32-32-2/../objects/robot.xml">
      <Agent type="planning" />
    </Robot>

    <Robot label="robot22" filename="../../../../mapf-benchmark-generator/mapf-benchmarks/maze-32-32-2/../objects/robot.xml">
      <Agent type="planning" />
    </Robot>

    <Robot label="robot23" filename="../../../../mapf-benchmark-generator/mapf-benchmarks/maze-32-32-2/../objects/robot.xml">
      <Agent type="planning" />
    </Robot>

    <Robot label="robot24" filename="../../../../mapf-benchmark-generator/mapf-benchmarks/maze-32-32-2/../objects/robot.xml">
      <Agent type="planning" />
    </Robot>

    <Robot label="robot25" filename="../../../../mapf-benchmark-generator/mapf-benchmarks/maze-32-32-2/../objects/robot.xml">
      <Agent type="planning" />
    </Robot>

    <Robot label="robot26" filename="../../../../mapf-benchmark-generator/mapf-benchmarks/maze-32-32-2/../objects/robot.xml">
      <Agent type="planning" />
    </Robot>

    <Robot label="robot27" filename="../../../../mapf-benchmark-generator/mapf-benchmarks/maze-32-32-2/../objects/robot.xml">
      <Agent type="planning" />
    </Robot>

    <Robot label="robot28" filename="../../../../mapf-benchmark-generator/mapf-benchmarks/maze-32-32-2/../objects/robot.xml">
      <Agent type="planning" />
    </Robot>

    <Robot label="robot29" filename="../../../../mapf-benchmark-generator/mapf-benchmarks/maze-32-32-2/../objects/robot.xml">
      <Agent type="planning" />
    </Robot>

    <Robot label="robot30" filename="../../../../mapf-benchmark-generator/mapf-benchmarks/maze-32-32-2/../objects/robot.xml">
      <Agent type="planning" />
    </Robot>

    <Robot label="robot31" filename="../../../../mapf-benchmark-generator/mapf-benchmarks/maze-32-32-2/../objects/robot.xml">
      <Agent type="planning" />
    </Robot>

    <Robot label="robot32" filename="../../../../mapf-benchmark-generator/mapf-benchmarks/maze-32-32-2/../objects/robot.xml">
      <Agent type="planning" />
    </Robot>

    <Robot label="robot33" filename="../../../../mapf-benchmark-generator/mapf-benchmarks/maze-32-32-2/../objects/robot.xml">
      <Agent type="planning" />
    </Robot>

    <Robot label="robot34" filename="../../../../mapf-benchmark-generator/mapf-benchmarks/maze-32-32-2/../objects/robot.xml">
      <Agent type="planning" />
    </Robot>

    <Robot label="robot35" filename="../../../../mapf-benchmark-generator/mapf-benchmarks/maze-32-32-2/../objects/robot.xml">
      <Agent type="planning" />
    </Robot>

    <Robot label="robot36" filename="../../../../mapf-benchmark-generator/mapf-benchmarks/maze-32-32-2/../objects/robot.xml">
      <Agent type="planning" />
    </Robot>

    <Robot label="robot37" filename="../../../../mapf-benchmark-generator/mapf-benchmarks/maze-32-32-2/../objects/robot.xml">
      <Agent type="planning" />
    </Robot>

    <Robot label="robot38" filename="../../../../mapf-benchmark-generator/mapf-benchmarks/maze-32-32-2/../objects/robot.xml">
      <Agent type="planning" />
    </Robot>

    <Robot label="robot39" filename="../../../../mapf-benchmark-generator/mapf-benchmarks/maze-32-32-2/../objects/robot.xml">
      <Agent type="planning" />
    </Robot>

    <Robot label="robot40" filename="../../../../mapf-benchmark-generator/mapf-benchmarks/maze-32-32-2/../objects/robot.xml">
      <Agent type="planning" />
    </Robot>

    <Robot label="robot41" filename="../../../../mapf-benchmark-generator/mapf-benchmarks/maze-32-32-2/../objects/robot.xml">
      <Agent type="planning" />
    </Robot>

    <Robot label="robot42" filename="../../../../mapf-benchmark-generator/mapf-benchmarks/maze-32-32-2/../objects/robot.xml">
      <Agent type="planning" />
    </Robot>

    <Robot label="robot43" filename="../../../../mapf-benchmark-generator/mapf-benchmarks/maze-32-32-2/../objects/robot.xml">
      <Agent type="planning" />
    </Robot>

    <Robot label="robot44" filename="../../../../mapf-benchmark-generator/mapf-benchmarks/maze-32-32-2/../objects/robot.xml">
      <Agent type="planning" />
    </Robot>

    <Robot label="robot45" filename="../../../../mapf-benchmark-generator/mapf-benchmarks/maze-32-32-2/../objects/robot.xml">
      <Agent type="planning" />
    </Robot>

    <Robot label="robot46" filename="../../../../mapf-benchmark-generator/mapf-benchmarks/maze-32-32-2/../objects/robot.xml">
      <Agent type="planning" />
    </Robot>
    <RobotGroup label="robotGroup" robotLabels="robot1 robot2 robot3 robot4 robot5 robot6 robot7 robot8 robot9 robot10 robot11 robot12 robot13 robot14 robot15 robot16 robot17 robot18 robot19 robot20 robot21 robot22 robot23 robot24 robot25 robot26 robot27 robot28 robot29 robot30 robot31 robot32 robot33 robot34 robot35 robot36 robot37 robot38 robot39 robot40 robot41 robot42 robot43 robot44 robot45 robot46" />

    <GroupTask label="groupQuery" group="robotGroup">
      <Task label="query-1" robot="robot1">
        <StartConstraints>
          <CSpaceConstraint point="5 12 0 0 0 0" />
        </StartConstraints>
        <GoalConstraints>
          <CSpaceConstraint point="14 11 0 0 0 0" />
        </GoalConstraints>
      </Task>
      <Task label="query-2" robot="robot2">
        <StartConstraints>
          <CSpaceConstraint point="20 20 0 0 0 0" />
        </StartConstraints>
        <GoalConstraints>
          <CSpaceConstraint point="1 0 0 0 0 0" />
        </GoalConstraints>
      </Task>
      <Task label="query-3" robot="robot3">
        <StartConstraints>
          <CSpaceConstraint point="11 14 0 0 0 0" />
        </StartConstraints>
        <GoalConstraints>
          <CSpaceConstraint point="3 21 0 0 0 0" />
        </GoalConstraints>
      </Task>
      <Task label="query-4" robot="robot4">
        <StartConstraints>
          <CSpaceConstraint point="19 8 0 0 0 0" />
        </StartConstraints>
        <GoalConstraints>
          <CSpaceConstraint point="14 0 0 0 0 0" />
        </GoalConstraints>
      </Task>
      <Task label="query-5" robot="robot5">
        <StartConstraints>
          <CSpaceConstraint point="9 2 0 0 0 0" />
        </StartConstraints>
        <GoalConstraints>
          <CSpaceConstraint point="31 9 0 0 0 0" />
        </GoalConstraints>
      </Task>
      <Task label="query-6" robot="robot6">
        <StartConstraints>
          <CSpaceConstraint point="19 29 0 0 0 0" />
        </StartConstraints>
        <GoalConstraints>
          <CSpaceConstraint point="4 4 0 0 0 0" />
        </GoalConstraints>
      </Task>
      <Task label="query-7" robot="robot7">
        <StartConstraints>
          <CSpaceConstraint point="23 10 0 0 0 0" />
        </StartConstraints>
        <GoalConstraints>
          <CSpaceConstraint point="25 27 0 0 0 0" />
        </GoalConstraints>
      </Task>
      <Task label="query-8" robot="robot8">
        <StartConstraints>
          <CSpaceConstraint point="19 13 0 0 0 0" />
        </StartConstraints>
        <GoalConstraints>
          <CSpaceConstraint point="5 1 0 0 0 0" />
        </GoalConstraints>
      </Task>
      <Task label="query-9" robot="robot9">
        <StartConstraints>
          <CSpaceConstraint point="28 28 0 0 0 0" />
        </StartConstraints>
        <GoalConstraints>
          <CSpaceConstraint point="28 27 0 0 0 0" />
        </GoalConstraints>
      </Task>
      <Task label="query-10" robot="robot10">
        <StartConstraints>
          <CSpaceConstraint point="20 24 0 0 0 0" />
        </StartConstraints>
        <GoalConstraints>
          <CSpaceConstraint point="20 6 0 0 0 0" />
        </GoalConstraints>
      </Task>
      <Task label="query-11" robot="robot11">
        <StartConstraints>
          <CSpaceConstraint point="7 0 0 0 0 0" />
        </StartConstraints>
        <GoalConstraints>
          <CSpaceConstraint point="16 12 0 0 0 0" />
        </GoalConstraints>
      </Task>
      <Task label="query-12" robot="robot12">
        <StartConstraints>
          <CSpaceConstraint point="5 29 0 0 0 0" />
        </StartConstraints>
        <GoalConstraints>
          <CSpaceConstraint point="2 8 0 0 0 0" />
        </GoalConstraints>
      </Task>
      <Task label="query-13" robot="robot13">
        <StartConstraints>
          <CSpaceConstraint point="16 11 0 0 0 0" />
        </StartConstraints>
        <GoalConstraints>
          <CSpaceConstraint point="26 18 0 0 0 0" />
        </GoalConstraints>
      </Task>
      <Task label="query-14" robot="robot14">
        <StartConstraints>
          <CSpaceConstraint point="1 14 0 0 0 0" />
        </StartConstraints>
        <GoalConstraints>
          <CSpaceConstraint point="22 1 0 0 0 0" />
        </GoalConstraints>
      </Task>
      <Task label="query-15" robot="robot15">
        <StartConstraints>
          <CSpaceConstraint point="9 29 0 0 0 0" />
        </StartConstraints>
        <GoalConstraints>
          <CSpaceConstraint point="2 27 0 0 0 0" />
        </GoalConstraints>
      </Task>
      <Task label="query-16" robot="robot16">
        <StartConstraints>
          <CSpaceConstraint point="12 2 0 0 0 0" />
        </StartConstraints>
        <GoalConstraints>
          <CSpaceConstraint point="14 30 0 0 0 0" />
        </GoalConstraints>
      </Task>
      <Task label="query-17" robot="robot17">
        <StartConstraints>
          <CSpaceConstraint point="22 18 0 0 0 0" />
        </StartConstraints>
        <GoalConstraints>
          <CSpaceConstraint point="11 27 0 0 0 0" />
        </GoalConstraints>
      </Task>
      <Task label="query-18" robot="robot18">
        <StartConstraints>
          <CSpaceConstraint point="8 30 0 0 0 0" />
        </StartConstraints>
        <GoalConstraints>
          <CSpaceConstraint point="14 12 0 0 0 0" />
        </GoalConstraints>
      </Task>
      <Task label="query-19" robot="robot19">
        <StartConstraints>
          <CSpaceConstraint point="28 2 0 0 0 0" />
        </StartConstraints>
        <GoalConstraints>
          <CSpaceConstraint point="16 27 0 0 0 0" />
        </GoalConstraints>
      </Task>
      <Task label="query-20" robot="robot20">
        <StartConstraints>
          <CSpaceConstraint point="25 25 0 0 0 0" />
        </StartConstraints>
        <GoalConstraints>
          <CSpaceConstraint point="27 29 0 0 0 0" />
        </GoalConstraints>
      </Task>
      <Task label="query-21" robot="robot21">
        <StartConstraints>
          <CSpaceConstraint point="23 2 0 0 0 0" />
        </StartConstraints>
        <GoalConstraints>
          <CSpaceConstraint point="14 23 0 0 0 0" />
        </GoalConstraints>
      </Task>
      <Task label="query-22" robot="robot22">
        <StartConstraints>
          <CSpaceConstraint point="22 0 0 0 0 0" />
        </StartConstraints>
        <GoalConstraints>
          <CSpaceConstraint point="2 9 0 0 0 0" />
        </GoalConstraints>
      </Task>
      <Task label="query-23" robot="robot23">
        <StartConstraints>
          <CSpaceConstraint point="29 1 0 0 0 0" />
        </StartConstraints>
        <GoalConstraints>
          <CSpaceConstraint point="26 19 0 0 0 0" />
        </GoalConstraints>
      </Task>
      <Task label="query-24" robot="robot24">
        <StartConstraints>
          <CSpaceConstraint point="17 1 0 0 0 0" />
        </StartConstraints>
        <GoalConstraints>
          <CSpaceConstraint point="15 14 0 0 0 0" />
        </GoalConstraints>
      </Task>
      <Task label="query-25" robot="robot25">
        <StartConstraints>
          <CSpaceConstraint point="3 0 0 0 0 0" />
        </StartConstraints>
        <GoalConstraints>
          <CSpaceConstraint point="31 4 0 0 0 0" />
        </GoalConstraints>
      </Task>
      <Task label="query-26" robot="robot26">
        <StartConstraints>
          <CSpaceConstraint point="25 11 0 0 0 0" />
        </StartConstraints>
        <GoalConstraints>
          <CSpaceConstraint point="31 10 0 0 0 0" />
        </GoalConstraints>
      </Task>
      <Task label="query-27" robot="robot27">
        <StartConstraints>
          <CSpaceConstraint point="1 12 0 0 0 0" />
        </StartConstraints>
        <GoalConstraints>
          <CSpaceConstraint point="1 30 0 0 0 0" />
        </GoalConstraints>
      </Task>
      <Task label="query-28" robot="robot28">
        <StartConstraints>
          <CSpaceConstraint point="9 18 0 0 0 0" />
        </StartConstraints>
        <GoalConstraints>
          <CSpaceConstraint point="19 9 0 0 0 0" />
        </GoalConstraints>
      </Task>
      <Task label="query-29" robot="robot29">
        <StartConstraints>
          <CSpaceConstraint point="27 8 0 0 0 0" />
        </StartConstraints>
        <GoalConstraints>
          <CSpaceConstraint point="28 13 0 0 0 0" />
        </GoalConstraints>
      </Task>
      <Task label="query-30" robot="robot30">
        <StartConstraints>
          <CSpaceConstraint point="21 15 0 0 0 0" />
        </StartConstraints>
        <GoalConstraints>
          <CSpaceConstraint point="26 27 0 0 0 0" />
        </GoalConstraints>
      </Task>
      <Task label="query-31" robot="robot31">
        <StartConstraints>
          <CSpaceConstraint point="25 16 0 0 0 0" />
        </StartConstraints>
        <GoalConstraints>
          <CSpaceConstraint point="5 2 0 0 0 0" />
        </GoalConstraints>
      </Task>
      <Task label="query-32" robot="robot32">
        <StartConstraints>
          <CSpaceConstraint point="25 15 0 0 0 0" />
        </StartConstraints>
        <GoalConstraints>
          <CSpaceConstraint point="22 30 0 0 0 0" />
        </GoalConstraints>
      </Task>
      <Task label="query-33" robot="robot33">
        <StartConstraints>
          <CSpaceConstraint point="23 6 0 0 0 0" />
        </StartConstraints>
        <GoalConstraints>
          <CSpaceConstraint point="14 27 0 0 0 0" />
        </GoalConstraints>
      </Task>
      <Task label="query-34" robot="robot34">
        <StartConstraints>
          <CSpaceConstraint point="25 9 0 0 0 0" />
        </StartConstraints>
        <GoalConstraints>
          <CSpaceConstraint point="18 27 0 0 0 0" />
        </GoalConstraints>
      </Task>
      <Task label="query-35" robot="robot35">
        <StartConstraints>
          <CSpaceConstraint point="11 3 0 0 0 0" />
        </StartConstraints>
        <GoalConstraints>
          <CSpaceConstraint point="8 11 0 0 0 0" />
        </GoalConstraints>
      </Task>
      <Task label="query-36" robot="robot36">
        <StartConstraints>
          <CSpaceConstraint point="30 0 0 0 0 0" />
        </StartConstraints>
        <GoalConstraints>
          <CSpaceConstraint point="8 21 0 0 0 0" />
        </GoalConstraints>
      </Task>
      <Task label="query-37" robot="robot37">
        <StartConstraints>
          <CSpaceConstraint point="8 5 0 0 0 0" />
        </StartConstraints>
        <GoalConstraints>
          <CSpaceConstraint point="27 5 0 0 0 0" />
        </GoalConstraints>
      </Task>
      <Task label="query-38" robot="robot38">
        <StartConstraints>
          <CSpaceConstraint point="27 6 0 0 0 0" />
        </StartConstraints>
        <GoalConstraints>
          <CSpaceConstraint point="29 14 0 0 0 0" />
        </GoalConstraints>
      </Task>
      <Task label="query-39" robot="robot39">
        <StartConstraints>
          <CSpaceConstraint point="8 9 0 0 0 0" />
        </StartConstraints>
        <GoalConstraints>
          <CSpaceConstraint point="14 20 0 0 0 0" />
        </GoalConstraints>
      </Task>
      <Task label="query-40" robot="robot40">
        <StartConstraints>
          <CSpaceConstraint point="3 11 0 0 0 0" />
        </StartConstraints>
        <GoalConstraints>
          <CSpaceConstraint point="9 17 0 0 0 0" />
        </GoalConstraints>
      </Task>
      <Task label="query-41" robot="robot41">
        <StartConstraints>
          <CSpaceConstraint point="26 23 0 0 0 0" />
        </StartConstraints>
        <GoalConstraints>
          <CSpaceConstraint point="17 30 0 0 0 0" />
        </GoalConstraints>
      </Task>
      <Task label="query-42" robot="robot42">
        <StartConstraints>
          <CSpaceConstraint point="10 0 0 0 0 0" />
        </StartConstraints>
        <GoalConstraints>
          <CSpaceConstraint point="10 21 0 0 0 0" />
        </GoalConstraints>
      </Task>
      <Task label="query-43" robot="robot43">
        <StartConstraints>
          <CSpaceConstraint point="4 0 0 0 0 0" />
        </StartConstraints>
        <GoalConstraints>
          <CSpaceConstraint point="23 18 0 0 0 0" />
        </GoalConstraints>
      </Task>
      <Task label="query-44" robot="robot44">
        <StartConstraints>
          <CSpaceConstraint point="20 15 0 0 0 0" />
        </StartConstraints>
        <GoalConstraints>
          <CSpaceConstraint point="2 29 0 0 0 0" />
        </GoalConstraints>
      </Task>
      <Task label="query-45" robot="robot45">
        <StartConstraints>
          <CSpaceConstraint point="31 25 0 0 0 0" />
        </StartConstraints>
        <GoalConstraints>
          <CSpaceConstraint point="31 6 0 0 0 0" />
        </GoalConstraints>
      </Task>
      <Task label="query-46" robot="robot46">
        <StartConstraints>
          <CSpaceConstraint point="28 16 0 0 0 0" />
        </StartConstraints>
        <GoalConstraints>
          <CSpaceConstraint point="2 10 0 0 0 0" />
        </GoalConstraints>
      </Task>
    </GroupTask>
</Problem>

  <Library>

    <DistanceMetrics>
      <Minkowski label="minkowski" r1="3.0" r2="3.0" r3="0.333" normalize="false" />
      <Euclidean label="euclidean" />
      <Manhattan label="manhattan" />
    </DistanceMetrics>

    <ValidityCheckers>
      <AlwaysTrueValidity label="alwaysTrue" />
      <CollisionDetection label="rapid" method="RAPID" />
      <CollisionDetection label="pqp" method="PQP" />
      <CollisionDetection label="pqp_solid" method="PQP_SOLID" />
      <CollisionDetection label="grid" method="Grid" gridSize="0.5"/>
    </ValidityCheckers>

    <NeighborhoodFinders>
      <BruteForceNF label="Nearest" dmLabel="minkowski" unconnected="false" k="1" />
      <BruteForceNF label="BFNF" dmLabel="euclidean" unconnected="false" k="6" />
    </NeighborhoodFinders>

    <Samplers>
      <UniformRandomSampler label="UniformRandom" vcLabel="alwaysTrue" />
      <UniformRandomSampler label="UniformRandomFree" vcLabel="grid" />
    </Samplers>

    <LocalPlanners>
      <StraightLine label="sl" binaryEvaluation="false" vcLabel="grid" saveIntermediates="true" />
    </LocalPlanners>

    <Extenders>
      <BasicExtender label="BERO" debug="false" dmLabel="minkowski" vcLabel="alwaysTrue" maxDist="4." minDist=".01" />
    </Extenders>

    <PathModifiers></PathModifiers>

    <Connectors>
      <NeighborhoodConnector label="Closest" nfLabel="BFNF" lpLabel="sl" checkIfSameCC="false" debug="false" />
    </Connectors>

    <MapEvaluators>
      <TrueEvaluator label="TrueEval"/>
      <TimeEvaluator label="TimeEval" timeout="1000" />
      <QueryMethod label="IndividualQuery" debug="false" safeIntervalToolLabel="SI" />
      <TimeExtendedSearch label="TimeExtended" dmLabel="manhattan" buffer="0" waitTime="2" timeScale="2"/>
      <ComposeEvaluator label="BoundedIndividualQuery" operator="or">
        <Evaluator label="TimeEval" />
        <Evaluator label="IndividualQuery" />
      </ComposeEvaluator>

      <CBSQuery label="CBSQuery" queryLabel="TimeExtended" debug="false" vcLabel="grid" buffer="0"/>
      <PBSQuery label="PBSQuery" queryLabel="TimeExtended" debug="false" vcLabel="grid" buffer="0"/>
    </MapEvaluators>

    <MPStrategies>
      <GridWorldStrategy label="GridStrategy" debug="false" querySampler="UniformRandomFree"
        vcLabel="grid" resolution="1.0" writeOutput="true" inputMap="../../mapf-benchmark-generator/mapf-benchmarks/maze-32-32-2/roadmap-res1.map">
        <Evaluator label="IndividualQuery"/>
      </GridWorldStrategy>
      <GroupDecoupledStrategy label="CBSPRM" strategyLabel="GridStrategy">
        <Evaluator label="CBSQuery" />
      </GroupDecoupledStrategy>
      <GroupDecoupledStrategy label="PBSPRM" strategyLabel="GridStrategy">
        <Evaluator label="PBSQuery" />
      </GroupDecoupledStrategy>
      <GridWorldStrategy label="TrueGridStrategy" debug="false" querySampler="UniformRandom"
        vcLabel="grid" resolution="1.0" writeOutput="true">
      </GridWorldStrategy>
      <GroupDecoupledStrategy label="TrueGroupStrategy" strategyLabel="TrueGridStrategy" writeOutput="true">
      </GroupDecoupledStrategy>
    </MPStrategies>

    <MPTools>
      <SafeIntervalTool label="SI" vcLabel="grid" debug="false" />
    </MPTools>

    <!-- The seed can be changed to generate different roadmaps and paths -->
    <Solver mpStrategyLabel="CBSPRM" seed="12345678" baseFilename="scen-1-query-46-res-1-CBS-12345678"
      vizmoDebug="true" />
  </Library>

  <TMPLibrary>
    <TMPStrategies>
      <SimpleMotionMethod label="SimpleMotion" teLabel="motionEval" />
    </TMPStrategies>

    <TaskEvaluators>
      <SimpleMotionEvaluator label="motionEval" />
    </TaskEvaluators>

    <Solver tmpStrategyLabel="SimpleMotion" baseFilename="tmp_examples" />
  </TMPLibrary>

</MotionPlanning>
